Learning rate,epoch,entradas,pesos,prediction,Salida deseada,loss,Pesos finales,bias,accuracy,umbral
1.00e-01,1,[6.7 1.7],"['-3.91e-01', '3.06e-01']",1,1.00e+00,1.30e+01,"['-1.51e-01', '8.96e-01']",5.03e-01,8.38e-01,0.3
1.00e-01,2,[6.7 1.7],"['-3.91e-01', '3.06e-01']",1,1.00e+00,0.00e+00,"['-1.51e-01', '8.96e-01']",5.03e-01,1.84e+00,0.3
1.00e-01,1,[6.7 1.7],"['-3.91e-01', '3.06e-01']",1,1.00e+00,1.30e+01,"['-1.51e-01', '8.96e-01']",6.80e-01,8.38e-01,0.5
1.00e-01,2,[6.7 1.7],"['-3.91e-01', '3.06e-01']",1,1.00e+00,0.00e+00,"['-1.51e-01', '8.96e-01']",6.80e-01,1.84e+00,0.5
1.00e-01,1,[6.7 1.7],"['-3.91e-01', '3.06e-01']",1,1.00e+00,1.50e+01,"['-2.14e-02', '1.01e+00']",1.79e-01,8.12e-01,0.7
1.00e-01,2,[6.7 1.7],"['-3.91e-01', '3.06e-01']",1,1.00e+00,0.00e+00,"['-2.14e-02', '1.01e+00']",1.79e-01,1.81e+00,0.7
1.00e-01,1,[6.7 1.7],"['-3.91e-01', '3.06e-01']",1,1.00e+00,1.50e+01,"['1.86e-02', '1.07e+00']",-6.70e-02,8.12e-01,0.9
1.00e-01,2,[6.7 1.7],"['-3.91e-01', '3.06e-01']",1,1.00e+00,0.00e+00,"['1.86e-02', '1.07e+00']",-6.70e-02,1.81e+00,0.9
1.00e-02,1,[6.7 1.7],"['-3.91e-01', '3.06e-01']",1,1.00e+00,6.00e+00,"['-2.54e-02', '3.85e-01']",8.48e-02,9.25e-01,0.3
1.00e-02,2,[6.7 1.7],"['-3.91e-01', '3.06e-01']",1,1.00e+00,0.00e+00,"['-2.54e-02', '3.85e-01']",8.48e-02,1.93e+00,0.3
1.00e-02,1,[6.7 1.7],"['-3.91e-01', '3.06e-01']",1,1.00e+00,1.10e+01,"['-6.44e-02', '3.94e-01']",4.62e-01,8.63e-01,0.5
1.00e-02,2,[6.7 1.7],"['-3.91e-01', '3.06e-01']",1,1.00e+00,2.00e+00,"['-5.04e-02', '4.02e-01']",4.62e-01,1.84e+00,0.5
1.00e-02,3,[6.7 1.7],"['-3.91e-01', '3.06e-01']",1,1.00e+00,0.00e+00,"['-5.04e-02', '4.02e-01']",4.62e-01,2.84e+00,0.5
1.00e-02,1,[6.7 1.7],"['-3.91e-01', '3.06e-01']",1,1.00e+00,8.00e+00,"['-1.34e-02', '3.92e-01']",4.30e-01,9.00e-01,0.7
1.00e-02,2,[6.7 1.7],"['-3.91e-01', '3.06e-01']",1,1.00e+00,0.00e+00,"['-1.34e-02', '3.92e-01']",4.30e-01,1.90e+00,0.7
1.00e-02,1,[6.7 1.7],"['-3.91e-01', '3.06e-01']",1,1.00e+00,7.00e+00,"['3.16e-02', '3.97e-01']",4.89e-01,9.12e-01,0.9
1.00e-02,2,[6.7 1.7],"['-3.91e-01', '3.06e-01']",1,1.00e+00,0.00e+00,"['3.16e-02', '3.97e-01']",4.89e-01,1.91e+00,0.9
1.00e-03,1,[6.7 1.7],"['-3.91e-01', '3.06e-01']",0,1.00e+00,4.00e+01,"['-1.54e-01', '3.59e-01']",6.54e-01,5.00e-01,0.3
1.00e-03,2,[6.7 1.7],"['-3.91e-01', '3.06e-01']",1,1.00e+00,5.00e+00,"['-1.23e-01', '3.65e-01']",6.59e-01,1.44e+00,0.3
1.00e-03,3,[6.7 1.7],"['-3.91e-01', '3.06e-01']",1,1.00e+00,1.00e+00,"['-1.17e-01', '3.66e-01']",6.60e-01,2.42e+00,0.3
1.00e-03,4,[6.7 1.7],"['-3.91e-01', '3.06e-01']",1,1.00e+00,0.00e+00,"['-1.17e-01', '3.66e-01']",6.60e-01,3.42e+00,0.3
1.00e-03,1,[6.7 1.7],"['-3.91e-01', '3.06e-01']",0,1.00e+00,4.00e+01,"['-1.54e-01', '3.59e-01']",4.59e-01,5.00e-01,0.5
1.00e-03,2,[6.7 1.7],"['-3.91e-01', '3.06e-01']",1,1.00e+00,1.60e+01,"['-6.04e-02', '3.79e-01']",4.75e-01,1.30e+00,0.5
1.00e-03,3,[6.7 1.7],"['-3.91e-01', '3.06e-01']",1,1.00e+00,1.00e+00,"['-5.44e-02', '3.80e-01']",4.76e-01,2.29e+00,0.5
1.00e-03,4,[6.7 1.7],"['-3.91e-01', '3.06e-01']",1,1.00e+00,0.00e+00,"['-5.44e-02', '3.80e-01']",4.76e-01,3.29e+00,0.5
1.00e-03,1,[6.7 1.7],"['-3.91e-01', '3.06e-01']",0,1.00e+00,4.00e+01,"['-1.54e-01', '3.59e-01']",9.94e-02,5.00e-01,0.7
1.00e-03,2,[6.7 1.7],"['-3.91e-01', '3.06e-01']",1,1.00e+00,3.10e+01,"['2.86e-02', '3.99e-01']",1.30e-01,1.11e+00,0.7
1.00e-03,3,[6.7 1.7],"['-3.91e-01', '3.06e-01']",1,1.00e+00,2.00e+00,"['3.86e-02', '4.01e-01']",1.32e-01,2.09e+00,0.7
1.00e-03,4,[6.7 1.7],"['-3.91e-01', '3.06e-01']",1,1.00e+00,0.00e+00,"['3.86e-02', '4.01e-01']",1.32e-01,3.09e+00,0.7
1.00e-03,1,[6.7 1.7],"['-3.91e-01', '3.06e-01']",0,1.00e+00,4.00e+01,"['-1.54e-01', '3.59e-01']",7.96e-01,5.00e-01,0.9
1.00e-03,2,[6.7 1.7],"['-3.91e-01', '3.06e-01']",1,1.00e+00,1.70e+01,"['-5.36e-02', '3.80e-01']",8.13e-01,1.29e+00,0.9
1.00e-03,3,[6.7 1.7],"['-3.91e-01', '3.06e-01']",1,1.00e+00,1.00e+00,"['-4.76e-02', '3.81e-01']",8.14e-01,2.27e+00,0.9
1.00e-03,4,[6.7 1.7],"['-3.91e-01', '3.06e-01']",1,1.00e+00,0.00e+00,"['-4.76e-02', '3.81e-01']",8.14e-01,3.27e+00,0.9
1.00e-04,1,[6.7 1.7],"['-3.91e-01', '3.06e-01']",0,1.00e+00,4.00e+01,"['-3.68e-01', '3.11e-01']",9.80e-01,5.00e-01,0.3
1.00e-04,2,[6.7 1.7],"['-3.91e-01', '3.06e-01']",0,1.00e+00,4.00e+01,"['-3.44e-01', '3.17e-01']",9.84e-01,1.00e+00,0.3
1.00e-04,3,[6.7 1.7],"['-3.91e-01', '3.06e-01']",0,1.00e+00,4.00e+01,"['-3.20e-01', '3.22e-01']",9.88e-01,1.50e+00,0.3
1.00e-04,4,[6.7 1.7],"['-3.91e-01', '3.06e-01']",0,1.00e+00,4.00e+01,"['-2.97e-01', '3.27e-01']",9.92e-01,2.00e+00,0.3
1.00e-04,5,[6.7 1.7],"['-3.91e-01', '3.06e-01']",0,1.00e+00,4.00e+01,"['-2.73e-01', '3.33e-01']",9.96e-01,2.50e+00,0.3
1.00e-04,6,[6.7 1.7],"['-3.91e-01', '3.06e-01']",0,1.00e+00,4.00e+01,"['-2.49e-01', '3.38e-01']",1.00e+00,3.00e+00,0.3
1.00e-04,7,[6.7 1.7],"['-3.91e-01', '3.06e-01']",0,1.00e+00,4.00e+01,"['-2.25e-01', '3.43e-01']",1.00e+00,3.50e+00,0.3
1.00e-04,8,[6.7 1.7],"['-3.91e-01', '3.06e-01']",0,1.00e+00,3.30e+01,"['-2.05e-01', '3.48e-01']",1.01e+00,4.09e+00,0.3
1.00e-04,9,[6.7 1.7],"['-3.91e-01', '3.06e-01']",1,1.00e+00,1.90e+01,"['-1.94e-01', '3.50e-01']",1.01e+00,4.85e+00,0.3
1.00e-04,10,[6.7 1.7],"['-3.91e-01', '3.06e-01']",1,1.00e+00,1.00e+01,"['-1.87e-01', '3.51e-01']",1.01e+00,5.72e+00,0.3
1.00e-04,11,[6.7 1.7],"['-3.91e-01', '3.06e-01']",1,1.00e+00,8.00e+00,"['-1.82e-01', '3.52e-01']",1.01e+00,6.62e+00,0.3
1.00e-04,12,[6.7 1.7],"['-3.91e-01', '3.06e-01']",1,1.00e+00,6.00e+00,"['-1.80e-01', '3.53e-01']",1.01e+00,7.55e+00,0.3
1.00e-04,13,[6.7 1.7],"['-3.91e-01', '3.06e-01']",1,1.00e+00,5.00e+00,"['-1.79e-01', '3.53e-01']",1.01e+00,8.49e+00,0.3
1.00e-04,14,[6.7 1.7],"['-3.91e-01', '3.06e-01']",1,1.00e+00,5.00e+00,"['-1.78e-01', '3.53e-01']",1.01e+00,9.43e+00,0.3
1.00e-04,15,[6.7 1.7],"['-3.91e-01', '3.06e-01']",1,1.00e+00,6.00e+00,"['-1.78e-01', '3.54e-01']",1.01e+00,1.03e+01,0.3
1.00e-04,16,[6.7 1.7],"['-3.91e-01', '3.06e-01']",1,1.00e+00,7.00e+00,"['-1.77e-01', '3.54e-01']",1.01e+00,1.13e+01,0.3
1.00e-04,17,[6.7 1.7],"['-3.91e-01', '3.06e-01']",1,1.00e+00,7.00e+00,"['-1.77e-01', '3.54e-01']",1.01e+00,1.22e+01,0.3
1.00e-04,18,[6.7 1.7],"['-3.91e-01', '3.06e-01']",1,1.00e+00,7.00e+00,"['-1.77e-01', '3.54e-01']",1.01e+00,1.31e+01,0.3
1.00e-04,19,[6.7 1.7],"['-3.91e-01', '3.06e-01']",1,1.00e+00,8.00e+00,"['-1.77e-01', '3.55e-01']",1.01e+00,1.40e+01,0.3
1.00e-04,20,[6.7 1.7],"['-3.91e-01', '3.06e-01']",1,1.00e+00,7.00e+00,"['-1.77e-01', '3.55e-01']",1.01e+00,1.49e+01,0.3
1.00e-04,21,[6.7 1.7],"['-3.91e-01', '3.06e-01']",1,1.00e+00,7.00e+00,"['-1.77e-01', '3.55e-01']",1.01e+00,1.58e+01,0.3
1.00e-04,22,[6.7 1.7],"['-3.91e-01', '3.06e-01']",1,1.00e+00,8.00e+00,"['-1.77e-01', '3.55e-01']",1.01e+00,1.67e+01,0.3
1.00e-04,23,[6.7 1.7],"['-3.91e-01', '3.06e-01']",1,1.00e+00,7.00e+00,"['-1.77e-01', '3.56e-01']",1.01e+00,1.76e+01,0.3
1.00e-04,24,[6.7 1.7],"['-3.91e-01', '3.06e-01']",1,1.00e+00,7.00e+00,"['-1.77e-01', '3.56e-01']",1.01e+00,1.85e+01,0.3
1.00e-04,25,[6.7 1.7],"['-3.91e-01', '3.06e-01']",1,1.00e+00,8.00e+00,"['-1.77e-01', '3.56e-01']",1.01e+00,1.94e+01,0.3
1.00e-04,26,[6.7 1.7],"['-3.91e-01', '3.06e-01']",1,1.00e+00,7.00e+00,"['-1.77e-01', '3.56e-01']",1.01e+00,2.04e+01,0.3
1.00e-04,27,[6.7 1.7],"['-3.91e-01', '3.06e-01']",1,1.00e+00,5.00e+00,"['-1.77e-01', '3.56e-01']",1.01e+00,2.13e+01,0.3
1.00e-04,28,[6.7 1.7],"['-3.91e-01', '3.06e-01']",1,1.00e+00,7.00e+00,"['-1.77e-01', '3.57e-01']",1.01e+00,2.22e+01,0.3
1.00e-04,29,[6.7 1.7],"['-3.91e-01', '3.06e-01']",1,1.00e+00,5.00e+00,"['-1.77e-01', '3.57e-01']",1.01e+00,2.31e+01,0.3
1.00e-04,30,[6.7 1.7],"['-3.91e-01', '3.06e-01']",1,1.00e+00,5.00e+00,"['-1.77e-01', '3.57e-01']",1.01e+00,2.41e+01,0.3
1.00e-04,31,[6.7 1.7],"['-3.91e-01', '3.06e-01']",1,1.00e+00,5.00e+00,"['-1.78e-01', '3.57e-01']",1.01e+00,2.50e+01,0.3
1.00e-04,32,[6.7 1.7],"['-3.91e-01', '3.06e-01']",1,1.00e+00,7.00e+00,"['-1.77e-01', '3.57e-01']",1.01e+00,2.59e+01,0.3
1.00e-04,33,[6.7 1.7],"['-3.91e-01', '3.06e-01']",1,1.00e+00,5.00e+00,"['-1.78e-01', '3.57e-01']",1.01e+00,2.69e+01,0.3
1.00e-04,34,[6.7 1.7],"['-3.91e-01', '3.06e-01']",1,1.00e+00,7.00e+00,"['-1.77e-01', '3.58e-01']",1.01e+00,2.78e+01,0.3
1.00e-04,35,[6.7 1.7],"['-3.91e-01', '3.06e-01']",1,1.00e+00,5.00e+00,"['-1.77e-01', '3.58e-01']",1.01e+00,2.87e+01,0.3
1.00e-04,36,[6.7 1.7],"['-3.91e-01', '3.06e-01']",1,1.00e+00,5.00e+00,"['-1.78e-01', '3.58e-01']",1.01e+00,2.96e+01,0.3
1.00e-04,37,[6.7 1.7],"['-3.91e-01', '3.06e-01']",1,1.00e+00,4.00e+00,"['-1.77e-01', '3.58e-01']",1.01e+00,3.06e+01,0.3
1.00e-04,38,[6.7 1.7],"['-3.91e-01', '3.06e-01']",1,1.00e+00,5.00e+00,"['-1.77e-01', '3.58e-01']",1.01e+00,3.15e+01,0.3
1.00e-04,39,[6.7 1.7],"['-3.91e-01', '3.06e-01']",1,1.00e+00,5.00e+00,"['-1.77e-01', '3.58e-01']",1.01e+00,3.25e+01,0.3
1.00e-04,40,[6.7 1.7],"['-3.91e-01', '3.06e-01']",1,1.00e+00,5.00e+00,"['-1.78e-01', '3.58e-01']",1.01e+00,3.34e+01,0.3
1.00e-04,41,[6.7 1.7],"['-3.91e-01', '3.06e-01']",1,1.00e+00,4.00e+00,"['-1.77e-01', '3.59e-01']",1.01e+00,3.44e+01,0.3
1.00e-04,42,[6.7 1.7],"['-3.91e-01', '3.06e-01']",1,1.00e+00,5.00e+00,"['-1.77e-01', '3.59e-01']",1.01e+00,3.53e+01,0.3
1.00e-04,43,[6.7 1.7],"['-3.91e-01', '3.06e-01']",1,1.00e+00,3.00e+00,"['-1.78e-01', '3.59e-01']",1.01e+00,3.63e+01,0.3
1.00e-04,44,[6.7 1.7],"['-3.91e-01', '3.06e-01']",1,1.00e+00,4.00e+00,"['-1.77e-01', '3.59e-01']",1.01e+00,3.72e+01,0.3
1.00e-04,45,[6.7 1.7],"['-3.91e-01', '3.06e-01']",1,1.00e+00,5.00e+00,"['-1.77e-01', '3.59e-01']",1.01e+00,3.81e+01,0.3
1.00e-04,46,[6.7 1.7],"['-3.91e-01', '3.06e-01']",1,1.00e+00,3.00e+00,"['-1.78e-01', '3.59e-01']",1.01e+00,3.91e+01,0.3
1.00e-04,47,[6.7 1.7],"['-3.91e-01', '3.06e-01']",1,1.00e+00,4.00e+00,"['-1.77e-01', '3.59e-01']",1.01e+00,4.01e+01,0.3
1.00e-04,48,[6.7 1.7],"['-3.91e-01', '3.06e-01']",1,1.00e+00,5.00e+00,"['-1.77e-01', '3.59e-01']",1.01e+00,4.10e+01,0.3
1.00e-04,49,[6.7 1.7],"['-3.91e-01', '3.06e-01']",1,1.00e+00,3.00e+00,"['-1.78e-01', '3.59e-01']",1.01e+00,4.20e+01,0.3
1.00e-04,50,[6.7 1.7],"['-3.91e-01', '3.06e-01']",1,1.00e+00,4.00e+00,"['-1.77e-01', '3.60e-01']",1.01e+00,4.29e+01,0.3
1.00e-04,51,[6.7 1.7],"['-3.91e-01', '3.06e-01']",1,1.00e+00,5.00e+00,"['-1.77e-01', '3.60e-01']",1.01e+00,4.39e+01,0.3
1.00e-04,52,[6.7 1.7],"['-3.91e-01', '3.06e-01']",1,1.00e+00,3.00e+00,"['-1.78e-01', '3.60e-01']",1.01e+00,4.48e+01,0.3
1.00e-04,53,[6.7 1.7],"['-3.91e-01', '3.06e-01']",1,1.00e+00,4.00e+00,"['-1.77e-01', '3.60e-01']",1.01e+00,4.58e+01,0.3
1.00e-04,54,[6.7 1.7],"['-3.91e-01', '3.06e-01']",1,1.00e+00,3.00e+00,"['-1.77e-01', '3.60e-01']",1.01e+00,4.67e+01,0.3
1.00e-04,55,[6.7 1.7],"['-3.91e-01', '3.06e-01']",1,1.00e+00,4.00e+00,"['-1.77e-01', '3.60e-01']",1.01e+00,4.77e+01,0.3
1.00e-04,56,[6.7 1.7],"['-3.91e-01', '3.06e-01']",1,1.00e+00,5.00e+00,"['-1.77e-01', '3.60e-01']",1.01e+00,4.86e+01,0.3
1.00e-04,57,[6.7 1.7],"['-3.91e-01', '3.06e-01']",1,1.00e+00,3.00e+00,"['-1.77e-01', '3.60e-01']",1.01e+00,4.96e+01,0.3
1.00e-04,58,[6.7 1.7],"['-3.91e-01', '3.06e-01']",1,1.00e+00,4.00e+00,"['-1.77e-01', '3.60e-01']",1.01e+00,5.05e+01,0.3
1.00e-04,59,[6.7 1.7],"['-3.91e-01', '3.06e-01']",1,1.00e+00,5.00e+00,"['-1.77e-01', '3.61e-01']",1.01e+00,5.15e+01,0.3
1.00e-04,60,[6.7 1.7],"['-3.91e-01', '3.06e-01']",1,1.00e+00,3.00e+00,"['-1.77e-01', '3.61e-01']",1.01e+00,5.24e+01,0.3
1.00e-04,61,[6.7 1.7],"['-3.91e-01', '3.06e-01']",1,1.00e+00,3.00e+00,"['-1.78e-01', '3.61e-01']",1.01e+00,5.34e+01,0.3
1.00e-04,62,[6.7 1.7],"['-3.91e-01', '3.06e-01']",1,1.00e+00,4.00e+00,"['-1.77e-01', '3.61e-01']",1.01e+00,5.43e+01,0.3
1.00e-04,63,[6.7 1.7],"['-3.91e-01', '3.06e-01']",1,1.00e+00,3.00e+00,"['-1.78e-01', '3.61e-01']",1.01e+00,5.53e+01,0.3
1.00e-04,64,[6.7 1.7],"['-3.91e-01', '3.06e-01']",1,1.00e+00,4.00e+00,"['-1.77e-01', '3.61e-01']",1.01e+00,5.62e+01,0.3
1.00e-04,65,[6.7 1.7],"['-3.91e-01', '3.06e-01']",1,1.00e+00,3.00e+00,"['-1.77e-01', '3.61e-01']",1.01e+00,5.72e+01,0.3
1.00e-04,66,[6.7 1.7],"['-3.91e-01', '3.06e-01']",1,1.00e+00,4.00e+00,"['-1.77e-01', '3.61e-01']",1.01e+00,5.82e+01,0.3
1.00e-04,67,[6.7 1.7],"['-3.91e-01', '3.06e-01']",1,1.00e+00,3.00e+00,"['-1.77e-01', '3.61e-01']",1.01e+00,5.91e+01,0.3
1.00e-04,68,[6.7 1.7],"['-3.91e-01', '3.06e-01']",1,1.00e+00,3.00e+00,"['-1.78e-01', '3.61e-01']",1.01e+00,6.01e+01,0.3
1.00e-04,69,[6.7 1.7],"['-3.91e-01', '3.06e-01']",1,1.00e+00,4.00e+00,"['-1.77e-01', '3.62e-01']",1.01e+00,6.10e+01,0.3
1.00e-04,70,[6.7 1.7],"['-3.91e-01', '3.06e-01']",1,1.00e+00,3.00e+00,"['-1.78e-01', '3.62e-01']",1.01e+00,6.20e+01,0.3
1.00e-04,71,[6.7 1.7],"['-3.91e-01', '3.06e-01']",1,1.00e+00,4.00e+00,"['-1.77e-01', '3.62e-01']",1.01e+00,6.30e+01,0.3
1.00e-04,72,[6.7 1.7],"['-3.91e-01', '3.06e-01']",1,1.00e+00,3.00e+00,"['-1.77e-01', '3.62e-01']",1.01e+00,6.39e+01,0.3
1.00e-04,73,[6.7 1.7],"['-3.91e-01', '3.06e-01']",1,1.00e+00,3.00e+00,"['-1.78e-01', '3.62e-01']",1.01e+00,6.49e+01,0.3
1.00e-04,74,[6.7 1.7],"['-3.91e-01', '3.06e-01']",1,1.00e+00,4.00e+00,"['-1.77e-01', '3.62e-01']",1.01e+00,6.58e+01,0.3
1.00e-04,75,[6.7 1.7],"['-3.91e-01', '3.06e-01']",1,1.00e+00,3.00e+00,"['-1.78e-01', '3.62e-01']",1.01e+00,6.68e+01,0.3
1.00e-04,76,[6.7 1.7],"['-3.91e-01', '3.06e-01']",1,1.00e+00,4.00e+00,"['-1.77e-01', '3.62e-01']",1.01e+00,6.77e+01,0.3
1.00e-04,77,[6.7 1.7],"['-3.91e-01', '3.06e-01']",1,1.00e+00,3.00e+00,"['-1.77e-01', '3.62e-01']",1.01e+00,6.87e+01,0.3
1.00e-04,78,[6.7 1.7],"['-3.91e-01', '3.06e-01']",1,1.00e+00,3.00e+00,"['-1.78e-01', '3.62e-01']",1.01e+00,6.97e+01,0.3
1.00e-04,79,[6.7 1.7],"['-3.91e-01', '3.06e-01']",1,1.00e+00,4.00e+00,"['-1.77e-01', '3.62e-01']",1.01e+00,7.06e+01,0.3
1.00e-04,80,[6.7 1.7],"['-3.91e-01', '3.06e-01']",1,1.00e+00,3.00e+00,"['-1.78e-01', '3.62e-01']",1.01e+00,7.16e+01,0.3
1.00e-04,81,[6.7 1.7],"['-3.91e-01', '3.06e-01']",1,1.00e+00,4.00e+00,"['-1.77e-01', '3.63e-01']",1.01e+00,7.25e+01,0.3
1.00e-04,82,[6.7 1.7],"['-3.91e-01', '3.06e-01']",1,1.00e+00,3.00e+00,"['-1.78e-01', '3.63e-01']",1.01e+00,7.35e+01,0.3
1.00e-04,83,[6.7 1.7],"['-3.91e-01', '3.06e-01']",1,1.00e+00,3.00e+00,"['-1.78e-01', '3.63e-01']",1.01e+00,7.45e+01,0.3
1.00e-04,84,[6.7 1.7],"['-3.91e-01', '3.06e-01']",1,1.00e+00,4.00e+00,"['-1.77e-01', '3.63e-01']",1.01e+00,7.54e+01,0.3
1.00e-04,85,[6.7 1.7],"['-3.91e-01', '3.06e-01']",1,1.00e+00,3.00e+00,"['-1.78e-01', '3.63e-01']",1.01e+00,7.64e+01,0.3
1.00e-04,86,[6.7 1.7],"['-3.91e-01', '3.06e-01']",1,1.00e+00,4.00e+00,"['-1.77e-01', '3.63e-01']",1.01e+00,7.73e+01,0.3
1.00e-04,87,[6.7 1.7],"['-3.91e-01', '3.06e-01']",1,1.00e+00,3.00e+00,"['-1.78e-01', '3.63e-01']",1.01e+00,7.83e+01,0.3
1.00e-04,88,[6.7 1.7],"['-3.91e-01', '3.06e-01']",1,1.00e+00,3.00e+00,"['-1.78e-01', '3.63e-01']",1.01e+00,7.92e+01,0.3
1.00e-04,89,[6.7 1.7],"['-3.91e-01', '3.06e-01']",1,1.00e+00,4.00e+00,"['-1.77e-01', '3.63e-01']",1.01e+00,8.02e+01,0.3
1.00e-04,90,[6.7 1.7],"['-3.91e-01', '3.06e-01']",1,1.00e+00,3.00e+00,"['-1.78e-01', '3.63e-01']",1.01e+00,8.12e+01,0.3
1.00e-04,91,[6.7 1.7],"['-3.91e-01', '3.06e-01']",1,1.00e+00,4.00e+00,"['-1.77e-01', '3.64e-01']",1.01e+00,8.21e+01,0.3
1.00e-04,92,[6.7 1.7],"['-3.91e-01', '3.06e-01']",1,1.00e+00,3.00e+00,"['-1.78e-01', '3.64e-01']",1.01e+00,8.31e+01,0.3
1.00e-04,93,[6.7 1.7],"['-3.91e-01', '3.06e-01']",1,1.00e+00,4.00e+00,"['-1.77e-01', '3.64e-01']",1.01e+00,8.40e+01,0.3
1.00e-04,94,[6.7 1.7],"['-3.91e-01', '3.06e-01']",1,1.00e+00,3.00e+00,"['-1.78e-01', '3.64e-01']",1.01e+00,8.50e+01,0.3
1.00e-04,95,[6.7 1.7],"['-3.91e-01', '3.06e-01']",1,1.00e+00,3.00e+00,"['-1.78e-01', '3.64e-01']",1.00e+00,8.59e+01,0.3
1.00e-04,96,[6.7 1.7],"['-3.91e-01', '3.06e-01']",1,1.00e+00,4.00e+00,"['-1.77e-01', '3.64e-01']",1.00e+00,8.69e+01,0.3
1.00e-04,97,[6.7 1.7],"['-3.91e-01', '3.06e-01']",1,1.00e+00,3.00e+00,"['-1.78e-01', '3.64e-01']",1.00e+00,8.78e+01,0.3
1.00e-04,98,[6.7 1.7],"['-3.91e-01', '3.06e-01']",1,1.00e+00,4.00e+00,"['-1.77e-01', '3.64e-01']",1.00e+00,8.88e+01,0.3
1.00e-04,99,[6.7 1.7],"['-3.91e-01', '3.06e-01']",1,1.00e+00,3.00e+00,"['-1.78e-01', '3.64e-01']",1.00e+00,8.98e+01,0.3
1.00e-04,100,[6.7 1.7],"['-3.91e-01', '3.06e-01']",1,1.00e+00,3.00e+00,"['-1.78e-01', '3.64e-01']",1.00e+00,9.07e+01,0.3
1.00e-04,101,[6.7 1.7],"['-3.91e-01', '3.06e-01']",1,1.00e+00,4.00e+00,"['-1.77e-01', '3.64e-01']",1.00e+00,9.17e+01,0.3
1.00e-04,102,[6.7 1.7],"['-3.91e-01', '3.06e-01']",1,1.00e+00,3.00e+00,"['-1.78e-01', '3.64e-01']",1.00e+00,9.26e+01,0.3
1.00e-04,103,[6.7 1.7],"['-3.91e-01', '3.06e-01']",1,1.00e+00,4.00e+00,"['-1.77e-01', '3.65e-01']",1.00e+00,9.36e+01,0.3
1.00e-04,104,[6.7 1.7],"['-3.91e-01', '3.06e-01']",1,1.00e+00,3.00e+00,"['-1.78e-01', '3.65e-01']",1.00e+00,9.45e+01,0.3
1.00e-04,105,[6.7 1.7],"['-3.91e-01', '3.06e-01']",1,1.00e+00,3.00e+00,"['-1.78e-01', '3.65e-01']",1.00e+00,9.55e+01,0.3
1.00e-04,106,[6.7 1.7],"['-3.91e-01', '3.06e-01']",1,1.00e+00,4.00e+00,"['-1.78e-01', '3.65e-01']",1.00e+00,9.65e+01,0.3
1.00e-04,107,[6.7 1.7],"['-3.91e-01', '3.06e-01']",1,1.00e+00,3.00e+00,"['-1.78e-01', '3.65e-01']",1.00e+00,9.74e+01,0.3
1.00e-04,108,[6.7 1.7],"['-3.91e-01', '3.06e-01']",1,1.00e+00,4.00e+00,"['-1.77e-01', '3.65e-01']",1.00e+00,9.84e+01,0.3
1.00e-04,109,[6.7 1.7],"['-3.91e-01', '3.06e-01']",1,1.00e+00,3.00e+00,"['-1.78e-01', '3.65e-01']",1.00e+00,9.93e+01,0.3
1.00e-04,110,[6.7 1.7],"['-3.91e-01', '3.06e-01']",1,1.00e+00,3.00e+00,"['-1.78e-01', '3.65e-01']",1.00e+00,1.00e+02,0.3
1.00e-04,111,[6.7 1.7],"['-3.91e-01', '3.06e-01']",1,1.00e+00,4.00e+00,"['-1.78e-01', '3.65e-01']",1.00e+00,1.01e+02,0.3
1.00e-04,112,[6.7 1.7],"['-3.91e-01', '3.06e-01']",1,1.00e+00,3.00e+00,"['-1.78e-01', '3.65e-01']",1.00e+00,1.02e+02,0.3
1.00e-04,113,[6.7 1.7],"['-3.91e-01', '3.06e-01']",1,1.00e+00,4.00e+00,"['-1.77e-01', '3.66e-01']",1.00e+00,1.03e+02,0.3
1.00e-04,114,[6.7 1.7],"['-3.91e-01', '3.06e-01']",1,1.00e+00,3.00e+00,"['-1.78e-01', '3.66e-01']",1.00e+00,1.04e+02,0.3
1.00e-04,115,[6.7 1.7],"['-3.91e-01', '3.06e-01']",1,1.00e+00,3.00e+00,"['-1.78e-01', '3.66e-01']",1.00e+00,1.05e+02,0.3
1.00e-04,116,[6.7 1.7],"['-3.91e-01', '3.06e-01']",1,1.00e+00,4.00e+00,"['-1.78e-01', '3.66e-01']",1.00e+00,1.06e+02,0.3
1.00e-04,117,[6.7 1.7],"['-3.91e-01', '3.06e-01']",1,1.00e+00,3.00e+00,"['-1.78e-01', '3.66e-01']",1.00e+00,1.07e+02,0.3
1.00e-04,118,[6.7 1.7],"['-3.91e-01', '3.06e-01']",1,1.00e+00,4.00e+00,"['-1.78e-01', '3.66e-01']",1.00e+00,1.08e+02,0.3
1.00e-04,119,[6.7 1.7],"['-3.91e-01', '3.06e-01']",1,1.00e+00,3.00e+00,"['-1.78e-01', '3.66e-01']",1.00e+00,1.09e+02,0.3
1.00e-04,120,[6.7 1.7],"['-3.91e-01', '3.06e-01']",1,1.00e+00,4.00e+00,"['-1.77e-01', '3.66e-01']",1.00e+00,1.10e+02,0.3
1.00e-04,121,[6.7 1.7],"['-3.91e-01', '3.06e-01']",1,1.00e+00,3.00e+00,"['-1.78e-01', '3.66e-01']",1.00e+00,1.11e+02,0.3
1.00e-04,122,[6.7 1.7],"['-3.91e-01', '3.06e-01']",1,1.00e+00,3.00e+00,"['-1.78e-01', '3.66e-01']",1.00e+00,1.12e+02,0.3
1.00e-04,123,[6.7 1.7],"['-3.91e-01', '3.06e-01']",1,1.00e+00,4.00e+00,"['-1.78e-01', '3.66e-01']",1.00e+00,1.13e+02,0.3
1.00e-04,124,[6.7 1.7],"['-3.91e-01', '3.06e-01']",1,1.00e+00,3.00e+00,"['-1.78e-01', '3.66e-01']",1.00e+00,1.14e+02,0.3
1.00e-04,125,[6.7 1.7],"['-3.91e-01', '3.06e-01']",1,1.00e+00,4.00e+00,"['-1.77e-01', '3.67e-01']",1.00e+00,1.15e+02,0.3
1.00e-04,126,[6.7 1.7],"['-3.91e-01', '3.06e-01']",1,1.00e+00,3.00e+00,"['-1.78e-01', '3.67e-01']",1.00e+00,1.16e+02,0.3
1.00e-04,127,[6.7 1.7],"['-3.91e-01', '3.06e-01']",1,1.00e+00,3.00e+00,"['-1.78e-01', '3.67e-01']",1.00e+00,1.17e+02,0.3
1.00e-04,128,[6.7 1.7],"['-3.91e-01', '3.06e-01']",1,1.00e+00,4.00e+00,"['-1.78e-01', '3.67e-01']",1.00e+00,1.18e+02,0.3
1.00e-04,129,[6.7 1.7],"['-3.91e-01', '3.06e-01']",1,1.00e+00,3.00e+00,"['-1.78e-01', '3.67e-01']",1.00e+00,1.18e+02,0.3
1.00e-04,130,[6.7 1.7],"['-3.91e-01', '3.06e-01']",1,1.00e+00,4.00e+00,"['-1.78e-01', '3.67e-01']",1.00e+00,1.19e+02,0.3
1.00e-04,131,[6.7 1.7],"['-3.91e-01', '3.06e-01']",1,1.00e+00,3.00e+00,"['-1.78e-01', '3.67e-01']",1.00e+00,1.20e+02,0.3
1.00e-04,132,[6.7 1.7],"['-3.91e-01', '3.06e-01']",1,1.00e+00,3.00e+00,"['-1.78e-01', '3.67e-01']",1.00e+00,1.21e+02,0.3
1.00e-04,133,[6.7 1.7],"['-3.91e-01', '3.06e-01']",1,1.00e+00,4.00e+00,"['-1.78e-01', '3.67e-01']",1.00e+00,1.22e+02,0.3
1.00e-04,134,[6.7 1.7],"['-3.91e-01', '3.06e-01']",1,1.00e+00,3.00e+00,"['-1.78e-01', '3.67e-01']",1.00e+00,1.23e+02,0.3
1.00e-04,135,[6.7 1.7],"['-3.91e-01', '3.06e-01']",1,1.00e+00,4.00e+00,"['-1.78e-01', '3.68e-01']",1.00e+00,1.24e+02,0.3
1.00e-04,136,[6.7 1.7],"['-3.91e-01', '3.06e-01']",1,1.00e+00,3.00e+00,"['-1.78e-01', '3.68e-01']",1.00e+00,1.25e+02,0.3
1.00e-04,137,[6.7 1.7],"['-3.91e-01', '3.06e-01']",1,1.00e+00,3.00e+00,"['-1.78e-01', '3.68e-01']",1.00e+00,1.26e+02,0.3
1.00e-04,138,[6.7 1.7],"['-3.91e-01', '3.06e-01']",1,1.00e+00,4.00e+00,"['-1.78e-01', '3.68e-01']",1.00e+00,1.27e+02,0.3
1.00e-04,139,[6.7 1.7],"['-3.91e-01', '3.06e-01']",1,1.00e+00,3.00e+00,"['-1.78e-01', '3.68e-01']",1.00e+00,1.28e+02,0.3
1.00e-04,140,[6.7 1.7],"['-3.91e-01', '3.06e-01']",1,1.00e+00,4.00e+00,"['-1.78e-01', '3.68e-01']",1.00e+00,1.29e+02,0.3
1.00e-04,141,[6.7 1.7],"['-3.91e-01', '3.06e-01']",1,1.00e+00,3.00e+00,"['-1.78e-01', '3.68e-01']",1.00e+00,1.30e+02,0.3
1.00e-04,142,[6.7 1.7],"['-3.91e-01', '3.06e-01']",1,1.00e+00,4.00e+00,"['-1.78e-01', '3.68e-01']",1.00e+00,1.31e+02,0.3
1.00e-04,143,[6.7 1.7],"['-3.91e-01', '3.06e-01']",1,1.00e+00,3.00e+00,"['-1.78e-01', '3.68e-01']",1.00e+00,1.32e+02,0.3
1.00e-04,144,[6.7 1.7],"['-3.91e-01', '3.06e-01']",1,1.00e+00,3.00e+00,"['-1.78e-01', '3.68e-01']",1.00e+00,1.33e+02,0.3
1.00e-04,145,[6.7 1.7],"['-3.91e-01', '3.06e-01']",1,1.00e+00,4.00e+00,"['-1.78e-01', '3.68e-01']",1.00e+00,1.34e+02,0.3
1.00e-04,146,[6.7 1.7],"['-3.91e-01', '3.06e-01']",1,1.00e+00,3.00e+00,"['-1.78e-01', '3.68e-01']",1.00e+00,1.35e+02,0.3
1.00e-04,147,[6.7 1.7],"['-3.91e-01', '3.06e-01']",1,1.00e+00,4.00e+00,"['-1.78e-01', '3.69e-01']",1.00e+00,1.36e+02,0.3
1.00e-04,148,[6.7 1.7],"['-3.91e-01', '3.06e-01']",1,1.00e+00,3.00e+00,"['-1.78e-01', '3.69e-01']",1.00e+00,1.37e+02,0.3
1.00e-04,149,[6.7 1.7],"['-3.91e-01', '3.06e-01']",1,1.00e+00,3.00e+00,"['-1.78e-01', '3.69e-01']",1.00e+00,1.38e+02,0.3
1.00e-04,150,[6.7 1.7],"['-3.91e-01', '3.06e-01']",1,1.00e+00,4.00e+00,"['-1.78e-01', '3.69e-01']",1.00e+00,1.39e+02,0.3
1.00e-04,151,[6.7 1.7],"['-3.91e-01', '3.06e-01']",1,1.00e+00,3.00e+00,"['-1.78e-01', '3.69e-01']",1.00e+00,1.40e+02,0.3
1.00e-04,152,[6.7 1.7],"['-3.91e-01', '3.06e-01']",1,1.00e+00,4.00e+00,"['-1.78e-01', '3.69e-01']",1.00e+00,1.40e+02,0.3
1.00e-04,153,[6.7 1.7],"['-3.91e-01', '3.06e-01']",1,1.00e+00,3.00e+00,"['-1.78e-01', '3.69e-01']",1.00e+00,1.41e+02,0.3
1.00e-04,154,[6.7 1.7],"['-3.91e-01', '3.06e-01']",1,1.00e+00,3.00e+00,"['-1.78e-01', '3.69e-01']",1.00e+00,1.42e+02,0.3
1.00e-04,155,[6.7 1.7],"['-3.91e-01', '3.06e-01']",1,1.00e+00,4.00e+00,"['-1.78e-01', '3.69e-01']",1.00e+00,1.43e+02,0.3
1.00e-04,156,[6.7 1.7],"['-3.91e-01', '3.06e-01']",1,1.00e+00,3.00e+00,"['-1.78e-01', '3.69e-01']",1.00e+00,1.44e+02,0.3
1.00e-04,157,[6.7 1.7],"['-3.91e-01', '3.06e-01']",1,1.00e+00,4.00e+00,"['-1.78e-01', '3.70e-01']",1.00e+00,1.45e+02,0.3
1.00e-04,158,[6.7 1.7],"['-3.91e-01', '3.06e-01']",1,1.00e+00,3.00e+00,"['-1.78e-01', '3.70e-01']",1.00e+00,1.46e+02,0.3
1.00e-04,159,[6.7 1.7],"['-3.91e-01', '3.06e-01']",1,1.00e+00,3.00e+00,"['-1.78e-01', '3.70e-01']",1.00e+00,1.47e+02,0.3
1.00e-04,160,[6.7 1.7],"['-3.91e-01', '3.06e-01']",1,1.00e+00,4.00e+00,"['-1.78e-01', '3.70e-01']",1.00e+00,1.48e+02,0.3
1.00e-04,161,[6.7 1.7],"['-3.91e-01', '3.06e-01']",1,1.00e+00,3.00e+00,"['-1.78e-01', '3.70e-01']",1.00e+00,1.49e+02,0.3
1.00e-04,162,[6.7 1.7],"['-3.91e-01', '3.06e-01']",1,1.00e+00,4.00e+00,"['-1.78e-01', '3.70e-01']",1.00e+00,1.50e+02,0.3
1.00e-04,163,[6.7 1.7],"['-3.91e-01', '3.06e-01']",1,1.00e+00,3.00e+00,"['-1.78e-01', '3.70e-01']",1.00e+00,1.51e+02,0.3
1.00e-04,164,[6.7 1.7],"['-3.91e-01', '3.06e-01']",1,1.00e+00,3.00e+00,"['-1.78e-01', '3.70e-01']",1.00e+00,1.52e+02,0.3
1.00e-04,165,[6.7 1.7],"['-3.91e-01', '3.06e-01']",1,1.00e+00,4.00e+00,"['-1.78e-01', '3.70e-01']",1.00e+00,1.53e+02,0.3
1.00e-04,166,[6.7 1.7],"['-3.91e-01', '3.06e-01']",1,1.00e+00,3.00e+00,"['-1.78e-01', '3.70e-01']",1.00e+00,1.54e+02,0.3
1.00e-04,167,[6.7 1.7],"['-3.91e-01', '3.06e-01']",1,1.00e+00,4.00e+00,"['-1.78e-01', '3.70e-01']",1.00e+00,1.55e+02,0.3
1.00e-04,168,[6.7 1.7],"['-3.91e-01', '3.06e-01']",1,1.00e+00,3.00e+00,"['-1.78e-01', '3.70e-01']",1.00e+00,1.56e+02,0.3
1.00e-04,169,[6.7 1.7],"['-3.91e-01', '3.06e-01']",1,1.00e+00,4.00e+00,"['-1.78e-01', '3.71e-01']",1.00e+00,1.57e+02,0.3
1.00e-04,170,[6.7 1.7],"['-3.91e-01', '3.06e-01']",1,1.00e+00,3.00e+00,"['-1.78e-01', '3.71e-01']",1.00e+00,1.58e+02,0.3
1.00e-04,171,[6.7 1.7],"['-3.91e-01', '3.06e-01']",1,1.00e+00,3.00e+00,"['-1.78e-01', '3.71e-01']",1.00e+00,1.59e+02,0.3
1.00e-04,172,[6.7 1.7],"['-3.91e-01', '3.06e-01']",1,1.00e+00,4.00e+00,"['-1.78e-01', '3.71e-01']",1.00e+00,1.60e+02,0.3
1.00e-04,173,[6.7 1.7],"['-3.91e-01', '3.06e-01']",1,1.00e+00,3.00e+00,"['-1.78e-01', '3.71e-01']",1.00e+00,1.61e+02,0.3
1.00e-04,174,[6.7 1.7],"['-3.91e-01', '3.06e-01']",1,1.00e+00,4.00e+00,"['-1.78e-01', '3.71e-01']",1.00e+00,1.62e+02,0.3
1.00e-04,175,[6.7 1.7],"['-3.91e-01', '3.06e-01']",1,1.00e+00,3.00e+00,"['-1.78e-01', '3.71e-01']",1.00e+00,1.63e+02,0.3
1.00e-04,176,[6.7 1.7],"['-3.91e-01', '3.06e-01']",1,1.00e+00,3.00e+00,"['-1.78e-01', '3.71e-01']",1.00e+00,1.63e+02,0.3
1.00e-04,177,[6.7 1.7],"['-3.91e-01', '3.06e-01']",1,1.00e+00,4.00e+00,"['-1.78e-01', '3.71e-01']",1.00e+00,1.64e+02,0.3
1.00e-04,178,[6.7 1.7],"['-3.91e-01', '3.06e-01']",1,1.00e+00,3.00e+00,"['-1.78e-01', '3.71e-01']",1.00e+00,1.65e+02,0.3
1.00e-04,179,[6.7 1.7],"['-3.91e-01', '3.06e-01']",1,1.00e+00,4.00e+00,"['-1.78e-01', '3.72e-01']",1.00e+00,1.66e+02,0.3
1.00e-04,180,[6.7 1.7],"['-3.91e-01', '3.06e-01']",1,1.00e+00,3.00e+00,"['-1.78e-01', '3.72e-01']",1.00e+00,1.67e+02,0.3
1.00e-04,181,[6.7 1.7],"['-3.91e-01', '3.06e-01']",1,1.00e+00,3.00e+00,"['-1.78e-01', '3.72e-01']",1.00e+00,1.68e+02,0.3
1.00e-04,182,[6.7 1.7],"['-3.91e-01', '3.06e-01']",1,1.00e+00,4.00e+00,"['-1.78e-01', '3.72e-01']",1.00e+00,1.69e+02,0.3
1.00e-04,183,[6.7 1.7],"['-3.91e-01', '3.06e-01']",1,1.00e+00,3.00e+00,"['-1.78e-01', '3.72e-01']",1.00e+00,1.70e+02,0.3
1.00e-04,184,[6.7 1.7],"['-3.91e-01', '3.06e-01']",1,1.00e+00,4.00e+00,"['-1.78e-01', '3.72e-01']",1.00e+00,1.71e+02,0.3
1.00e-04,185,[6.7 1.7],"['-3.91e-01', '3.06e-01']",1,1.00e+00,3.00e+00,"['-1.78e-01', '3.72e-01']",1.00e+00,1.72e+02,0.3
1.00e-04,186,[6.7 1.7],"['-3.91e-01', '3.06e-01']",1,1.00e+00,3.00e+00,"['-1.78e-01', '3.72e-01']",1.00e+00,1.73e+02,0.3
1.00e-04,187,[6.7 1.7],"['-3.91e-01', '3.06e-01']",1,1.00e+00,4.00e+00,"['-1.78e-01', '3.72e-01']",1.00e+00,1.74e+02,0.3
1.00e-04,188,[6.7 1.7],"['-3.91e-01', '3.06e-01']",1,1.00e+00,3.00e+00,"['-1.78e-01', '3.72e-01']",9.99e-01,1.75e+02,0.3
1.00e-04,189,[6.7 1.7],"['-3.91e-01', '3.06e-01']",1,1.00e+00,4.00e+00,"['-1.78e-01', '3.72e-01']",9.99e-01,1.76e+02,0.3
1.00e-04,190,[6.7 1.7],"['-3.91e-01', '3.06e-01']",1,1.00e+00,3.00e+00,"['-1.78e-01', '3.72e-01']",9.99e-01,1.77e+02,0.3
1.00e-04,191,[6.7 1.7],"['-3.91e-01', '3.06e-01']",1,1.00e+00,3.00e+00,"['-1.78e-01', '3.73e-01']",9.99e-01,1.78e+02,0.3
1.00e-04,192,[6.7 1.7],"['-3.91e-01', '3.06e-01']",1,1.00e+00,4.00e+00,"['-1.78e-01', '3.73e-01']",9.99e-01,1.79e+02,0.3
1.00e-04,193,[6.7 1.7],"['-3.91e-01', '3.06e-01']",1,1.00e+00,3.00e+00,"['-1.78e-01', '3.73e-01']",9.99e-01,1.80e+02,0.3
1.00e-04,194,[6.7 1.7],"['-3.91e-01', '3.06e-01']",1,1.00e+00,4.00e+00,"['-1.78e-01', '3.73e-01']",9.99e-01,1.81e+02,0.3
1.00e-04,195,[6.7 1.7],"['-3.91e-01', '3.06e-01']",1,1.00e+00,3.00e+00,"['-1.78e-01', '3.73e-01']",9.99e-01,1.82e+02,0.3
1.00e-04,196,[6.7 1.7],"['-3.91e-01', '3.06e-01']",1,1.00e+00,4.00e+00,"['-1.78e-01', '3.73e-01']",9.99e-01,1.83e+02,0.3
1.00e-04,197,[6.7 1.7],"['-3.91e-01', '3.06e-01']",1,1.00e+00,3.00e+00,"['-1.78e-01', '3.73e-01']",9.99e-01,1.84e+02,0.3
1.00e-04,198,[6.7 1.7],"['-3.91e-01', '3.06e-01']",1,1.00e+00,3.00e+00,"['-1.78e-01', '3.73e-01']",9.99e-01,1.85e+02,0.3
1.00e-04,199,[6.7 1.7],"['-3.91e-01', '3.06e-01']",1,1.00e+00,4.00e+00,"['-1.78e-01', '3.73e-01']",9.99e-01,1.86e+02,0.3
1.00e-04,200,[6.7 1.7],"['-3.91e-01', '3.06e-01']",1,1.00e+00,3.00e+00,"['-1.78e-01', '3.73e-01']",9.99e-01,1.86e+02,0.3
1.00e-04,201,[6.7 1.7],"['-3.91e-01', '3.06e-01']",1,1.00e+00,4.00e+00,"['-1.78e-01', '3.74e-01']",9.99e-01,1.87e+02,0.3
1.00e-04,202,[6.7 1.7],"['-3.91e-01', '3.06e-01']",1,1.00e+00,3.00e+00,"['-1.78e-01', '3.74e-01']",9.99e-01,1.88e+02,0.3
1.00e-04,203,[6.7 1.7],"['-3.91e-01', '3.06e-01']",1,1.00e+00,3.00e+00,"['-1.78e-01', '3.74e-01']",9.99e-01,1.89e+02,0.3
1.00e-04,204,[6.7 1.7],"['-3.91e-01', '3.06e-01']",1,1.00e+00,4.00e+00,"['-1.78e-01', '3.74e-01']",9.99e-01,1.90e+02,0.3
1.00e-04,205,[6.7 1.7],"['-3.91e-01', '3.06e-01']",1,1.00e+00,3.00e+00,"['-1.78e-01', '3.74e-01']",9.98e-01,1.91e+02,0.3
1.00e-04,206,[6.7 1.7],"['-3.91e-01', '3.06e-01']",1,1.00e+00,4.00e+00,"['-1.78e-01', '3.74e-01']",9.98e-01,1.92e+02,0.3
1.00e-04,207,[6.7 1.7],"['-3.91e-01', '3.06e-01']",1,1.00e+00,3.00e+00,"['-1.78e-01', '3.74e-01']",9.98e-01,1.93e+02,0.3
1.00e-04,208,[6.7 1.7],"['-3.91e-01', '3.06e-01']",1,1.00e+00,3.00e+00,"['-1.78e-01', '3.74e-01']",9.98e-01,1.94e+02,0.3
1.00e-04,209,[6.7 1.7],"['-3.91e-01', '3.06e-01']",1,1.00e+00,4.00e+00,"['-1.78e-01', '3.74e-01']",9.98e-01,1.95e+02,0.3
1.00e-04,210,[6.7 1.7],"['-3.91e-01', '3.06e-01']",1,1.00e+00,3.00e+00,"['-1.78e-01', '3.74e-01']",9.98e-01,1.96e+02,0.3
1.00e-04,211,[6.7 1.7],"['-3.91e-01', '3.06e-01']",1,1.00e+00,4.00e+00,"['-1.78e-01', '3.74e-01']",9.98e-01,1.97e+02,0.3
1.00e-04,212,[6.7 1.7],"['-3.91e-01', '3.06e-01']",1,1.00e+00,3.00e+00,"['-1.78e-01', '3.74e-01']",9.98e-01,1.98e+02,0.3
1.00e-04,213,[6.7 1.7],"['-3.91e-01', '3.06e-01']",1,1.00e+00,3.00e+00,"['-1.78e-01', '3.75e-01']",9.98e-01,1.99e+02,0.3
1.00e-04,214,[6.7 1.7],"['-3.91e-01', '3.06e-01']",1,1.00e+00,4.00e+00,"['-1.78e-01', '3.75e-01']",9.98e-01,2.00e+02,0.3
1.00e-04,215,[6.7 1.7],"['-3.91e-01', '3.06e-01']",1,1.00e+00,3.00e+00,"['-1.78e-01', '3.75e-01']",9.98e-01,2.01e+02,0.3
1.00e-04,216,[6.7 1.7],"['-3.91e-01', '3.06e-01']",1,1.00e+00,4.00e+00,"['-1.78e-01', '3.75e-01']",9.98e-01,2.02e+02,0.3
1.00e-04,217,[6.7 1.7],"['-3.91e-01', '3.06e-01']",1,1.00e+00,3.00e+00,"['-1.78e-01', '3.75e-01']",9.98e-01,2.03e+02,0.3
1.00e-04,218,[6.7 1.7],"['-3.91e-01', '3.06e-01']",1,1.00e+00,4.00e+00,"['-1.78e-01', '3.75e-01']",9.98e-01,2.04e+02,0.3
1.00e-04,219,[6.7 1.7],"['-3.91e-01', '3.06e-01']",1,1.00e+00,3.00e+00,"['-1.78e-01', '3.75e-01']",9.98e-01,2.05e+02,0.3
1.00e-04,220,[6.7 1.7],"['-3.91e-01', '3.06e-01']",1,1.00e+00,3.00e+00,"['-1.78e-01', '3.75e-01']",9.98e-01,2.06e+02,0.3
1.00e-04,221,[6.7 1.7],"['-3.91e-01', '3.06e-01']",1,1.00e+00,4.00e+00,"['-1.78e-01', '3.75e-01']",9.98e-01,2.07e+02,0.3
1.00e-04,222,[6.7 1.7],"['-3.91e-01', '3.06e-01']",1,1.00e+00,3.00e+00,"['-1.78e-01', '3.75e-01']",9.97e-01,2.08e+02,0.3
1.00e-04,223,[6.7 1.7],"['-3.91e-01', '3.06e-01']",1,1.00e+00,4.00e+00,"['-1.78e-01', '3.76e-01']",9.97e-01,2.08e+02,0.3
1.00e-04,224,[6.7 1.7],"['-3.91e-01', '3.06e-01']",1,1.00e+00,3.00e+00,"['-1.78e-01', '3.76e-01']",9.97e-01,2.09e+02,0.3
1.00e-04,225,[6.7 1.7],"['-3.91e-01', '3.06e-01']",1,1.00e+00,3.00e+00,"['-1.78e-01', '3.76e-01']",9.97e-01,2.10e+02,0.3
1.00e-04,226,[6.7 1.7],"['-3.91e-01', '3.06e-01']",1,1.00e+00,4.00e+00,"['-1.78e-01', '3.76e-01']",9.97e-01,2.11e+02,0.3
1.00e-04,227,[6.7 1.7],"['-3.91e-01', '3.06e-01']",1,1.00e+00,3.00e+00,"['-1.78e-01', '3.76e-01']",9.97e-01,2.12e+02,0.3
1.00e-04,228,[6.7 1.7],"['-3.91e-01', '3.06e-01']",1,1.00e+00,4.00e+00,"['-1.78e-01', '3.76e-01']",9.97e-01,2.13e+02,0.3
1.00e-04,229,[6.7 1.7],"['-3.91e-01', '3.06e-01']",1,1.00e+00,3.00e+00,"['-1.78e-01', '3.76e-01']",9.97e-01,2.14e+02,0.3
1.00e-04,230,[6.7 1.7],"['-3.91e-01', '3.06e-01']",1,1.00e+00,3.00e+00,"['-1.79e-01', '3.76e-01']",9.97e-01,2.15e+02,0.3
1.00e-04,231,[6.7 1.7],"['-3.91e-01', '3.06e-01']",1,1.00e+00,4.00e+00,"['-1.78e-01', '3.76e-01']",9.97e-01,2.16e+02,0.3
1.00e-04,232,[6.7 1.7],"['-3.91e-01', '3.06e-01']",1,1.00e+00,3.00e+00,"['-1.78e-01', '3.76e-01']",9.97e-01,2.17e+02,0.3
1.00e-04,233,[6.7 1.7],"['-3.91e-01', '3.06e-01']",1,1.00e+00,4.00e+00,"['-1.78e-01', '3.76e-01']",9.97e-01,2.18e+02,0.3
1.00e-04,234,[6.7 1.7],"['-3.91e-01', '3.06e-01']",1,1.00e+00,3.00e+00,"['-1.78e-01', '3.76e-01']",9.97e-01,2.19e+02,0.3
1.00e-04,235,[6.7 1.7],"['-3.91e-01', '3.06e-01']",1,1.00e+00,3.00e+00,"['-1.79e-01', '3.77e-01']",9.97e-01,2.20e+02,0.3
1.00e-04,236,[6.7 1.7],"['-3.91e-01', '3.06e-01']",1,1.00e+00,4.00e+00,"['-1.78e-01', '3.77e-01']",9.97e-01,2.21e+02,0.3
1.00e-04,237,[6.7 1.7],"['-3.91e-01', '3.06e-01']",1,1.00e+00,3.00e+00,"['-1.78e-01', '3.77e-01']",9.97e-01,2.22e+02,0.3
1.00e-04,238,[6.7 1.7],"['-3.91e-01', '3.06e-01']",1,1.00e+00,4.00e+00,"['-1.78e-01', '3.77e-01']",9.97e-01,2.23e+02,0.3
1.00e-04,239,[6.7 1.7],"['-3.91e-01', '3.06e-01']",1,1.00e+00,3.00e+00,"['-1.78e-01', '3.77e-01']",9.96e-01,2.24e+02,0.3
1.00e-04,240,[6.7 1.7],"['-3.91e-01', '3.06e-01']",1,1.00e+00,3.00e+00,"['-1.79e-01', '3.77e-01']",9.96e-01,2.25e+02,0.3
1.00e-04,241,[6.7 1.7],"['-3.91e-01', '3.06e-01']",1,1.00e+00,4.00e+00,"['-1.78e-01', '3.77e-01']",9.96e-01,2.26e+02,0.3
1.00e-04,242,[6.7 1.7],"['-3.91e-01', '3.06e-01']",1,1.00e+00,3.00e+00,"['-1.79e-01', '3.77e-01']",9.96e-01,2.27e+02,0.3
1.00e-04,243,[6.7 1.7],"['-3.91e-01', '3.06e-01']",1,1.00e+00,4.00e+00,"['-1.78e-01', '3.77e-01']",9.96e-01,2.28e+02,0.3
1.00e-04,244,[6.7 1.7],"['-3.91e-01', '3.06e-01']",1,1.00e+00,3.00e+00,"['-1.78e-01', '3.77e-01']",9.96e-01,2.29e+02,0.3
1.00e-04,245,[6.7 1.7],"['-3.91e-01', '3.06e-01']",1,1.00e+00,4.00e+00,"['-1.78e-01', '3.78e-01']",9.96e-01,2.30e+02,0.3
1.00e-04,246,[6.7 1.7],"['-3.91e-01', '3.06e-01']",1,1.00e+00,3.00e+00,"['-1.78e-01', '3.78e-01']",9.96e-01,2.30e+02,0.3
1.00e-04,247,[6.7 1.7],"['-3.91e-01', '3.06e-01']",1,1.00e+00,3.00e+00,"['-1.79e-01', '3.78e-01']",9.96e-01,2.31e+02,0.3
1.00e-04,248,[6.7 1.7],"['-3.91e-01', '3.06e-01']",1,1.00e+00,4.00e+00,"['-1.78e-01', '3.78e-01']",9.96e-01,2.32e+02,0.3
1.00e-04,249,[6.7 1.7],"['-3.91e-01', '3.06e-01']",1,1.00e+00,3.00e+00,"['-1.78e-01', '3.78e-01']",9.96e-01,2.33e+02,0.3
1.00e-04,250,[6.7 1.7],"['-3.91e-01', '3.06e-01']",1,1.00e+00,4.00e+00,"['-1.78e-01', '3.78e-01']",9.96e-01,2.34e+02,0.3
1.00e-04,251,[6.7 1.7],"['-3.91e-01', '3.06e-01']",1,1.00e+00,3.00e+00,"['-1.78e-01', '3.78e-01']",9.96e-01,2.35e+02,0.3
1.00e-04,252,[6.7 1.7],"['-3.91e-01', '3.06e-01']",1,1.00e+00,3.00e+00,"['-1.79e-01', '3.78e-01']",9.96e-01,2.36e+02,0.3
1.00e-04,253,[6.7 1.7],"['-3.91e-01', '3.06e-01']",1,1.00e+00,4.00e+00,"['-1.78e-01', '3.78e-01']",9.96e-01,2.37e+02,0.3
1.00e-04,254,[6.7 1.7],"['-3.91e-01', '3.06e-01']",1,1.00e+00,3.00e+00,"['-1.79e-01', '3.78e-01']",9.96e-01,2.38e+02,0.3
1.00e-04,255,[6.7 1.7],"['-3.91e-01', '3.06e-01']",1,1.00e+00,4.00e+00,"['-1.78e-01', '3.78e-01']",9.96e-01,2.39e+02,0.3
1.00e-04,256,[6.7 1.7],"['-3.91e-01', '3.06e-01']",1,1.00e+00,3.00e+00,"['-1.78e-01', '3.78e-01']",9.95e-01,2.40e+02,0.3
1.00e-04,257,[6.7 1.7],"['-3.91e-01', '3.06e-01']",1,1.00e+00,3.00e+00,"['-1.79e-01', '3.79e-01']",9.95e-01,2.41e+02,0.3
1.00e-04,258,[6.7 1.7],"['-3.91e-01', '3.06e-01']",1,1.00e+00,4.00e+00,"['-1.78e-01', '3.79e-01']",9.95e-01,2.42e+02,0.3
1.00e-04,259,[6.7 1.7],"['-3.91e-01', '3.06e-01']",1,1.00e+00,3.00e+00,"['-1.79e-01', '3.79e-01']",9.95e-01,2.43e+02,0.3
1.00e-04,260,[6.7 1.7],"['-3.91e-01', '3.06e-01']",1,1.00e+00,4.00e+00,"['-1.78e-01', '3.79e-01']",9.95e-01,2.44e+02,0.3
1.00e-04,261,[6.7 1.7],"['-3.91e-01', '3.06e-01']",1,1.00e+00,3.00e+00,"['-1.78e-01', '3.79e-01']",9.95e-01,2.45e+02,0.3
1.00e-04,262,[6.7 1.7],"['-3.91e-01', '3.06e-01']",1,1.00e+00,3.00e+00,"['-1.79e-01', '3.79e-01']",9.95e-01,2.46e+02,0.3
1.00e-04,263,[6.7 1.7],"['-3.91e-01', '3.06e-01']",1,1.00e+00,4.00e+00,"['-1.78e-01', '3.79e-01']",9.95e-01,2.47e+02,0.3
1.00e-04,264,[6.7 1.7],"['-3.91e-01', '3.06e-01']",1,1.00e+00,3.00e+00,"['-1.79e-01', '3.79e-01']",9.95e-01,2.48e+02,0.3
1.00e-04,265,[6.7 1.7],"['-3.91e-01', '3.06e-01']",1,1.00e+00,4.00e+00,"['-1.78e-01', '3.79e-01']",9.95e-01,2.49e+02,0.3
1.00e-04,266,[6.7 1.7],"['-3.91e-01', '3.06e-01']",1,1.00e+00,3.00e+00,"['-1.79e-01', '3.79e-01']",9.95e-01,2.50e+02,0.3
1.00e-04,267,[6.7 1.7],"['-3.91e-01', '3.06e-01']",1,1.00e+00,3.00e+00,"['-1.79e-01', '3.79e-01']",9.95e-01,2.51e+02,0.3
1.00e-04,268,[6.7 1.7],"['-3.91e-01', '3.06e-01']",1,1.00e+00,4.00e+00,"['-1.78e-01', '3.80e-01']",9.95e-01,2.52e+02,0.3
1.00e-04,269,[6.7 1.7],"['-3.91e-01', '3.06e-01']",1,1.00e+00,3.00e+00,"['-1.79e-01', '3.80e-01']",9.95e-01,2.53e+02,0.3
1.00e-04,270,[6.7 1.7],"['-3.91e-01', '3.06e-01']",1,1.00e+00,4.00e+00,"['-1.78e-01', '3.80e-01']",9.95e-01,2.53e+02,0.3
1.00e-04,271,[6.7 1.7],"['-3.91e-01', '3.06e-01']",1,1.00e+00,3.00e+00,"['-1.79e-01', '3.80e-01']",9.95e-01,2.54e+02,0.3
1.00e-04,272,[6.7 1.7],"['-3.91e-01', '3.06e-01']",1,1.00e+00,4.00e+00,"['-1.78e-01', '3.80e-01']",9.95e-01,2.55e+02,0.3
1.00e-04,273,[6.7 1.7],"['-3.91e-01', '3.06e-01']",1,1.00e+00,3.00e+00,"['-1.78e-01', '3.80e-01']",9.94e-01,2.56e+02,0.3
1.00e-04,274,[6.7 1.7],"['-3.91e-01', '3.06e-01']",1,1.00e+00,3.00e+00,"['-1.79e-01', '3.80e-01']",9.94e-01,2.57e+02,0.3
1.00e-04,275,[6.7 1.7],"['-3.91e-01', '3.06e-01']",1,1.00e+00,4.00e+00,"['-1.78e-01', '3.80e-01']",9.94e-01,2.58e+02,0.3
1.00e-04,276,[6.7 1.7],"['-3.91e-01', '3.06e-01']",1,1.00e+00,3.00e+00,"['-1.79e-01', '3.80e-01']",9.94e-01,2.59e+02,0.3
1.00e-04,277,[6.7 1.7],"['-3.91e-01', '3.06e-01']",1,1.00e+00,4.00e+00,"['-1.78e-01', '3.80e-01']",9.94e-01,2.60e+02,0.3
1.00e-04,278,[6.7 1.7],"['-3.91e-01', '3.06e-01']",1,1.00e+00,3.00e+00,"['-1.79e-01', '3.80e-01']",9.94e-01,2.61e+02,0.3
1.00e-04,279,[6.7 1.7],"['-3.91e-01', '3.06e-01']",1,1.00e+00,3.00e+00,"['-1.79e-01', '3.81e-01']",9.94e-01,2.62e+02,0.3
1.00e-04,280,[6.7 1.7],"['-3.91e-01', '3.06e-01']",1,1.00e+00,4.00e+00,"['-1.78e-01', '3.81e-01']",9.94e-01,2.63e+02,0.3
1.00e-04,281,[6.7 1.7],"['-3.91e-01', '3.06e-01']",1,1.00e+00,3.00e+00,"['-1.79e-01', '3.81e-01']",9.94e-01,2.64e+02,0.3
1.00e-04,282,[6.7 1.7],"['-3.91e-01', '3.06e-01']",1,1.00e+00,4.00e+00,"['-1.78e-01', '3.81e-01']",9.94e-01,2.65e+02,0.3
1.00e-04,283,[6.7 1.7],"['-3.91e-01', '3.06e-01']",1,1.00e+00,3.00e+00,"['-1.79e-01', '3.81e-01']",9.94e-01,2.66e+02,0.3
1.00e-04,284,[6.7 1.7],"['-3.91e-01', '3.06e-01']",1,1.00e+00,3.00e+00,"['-1.79e-01', '3.81e-01']",9.94e-01,2.67e+02,0.3
1.00e-04,285,[6.7 1.7],"['-3.91e-01', '3.06e-01']",1,1.00e+00,4.00e+00,"['-1.78e-01', '3.81e-01']",9.94e-01,2.68e+02,0.3
1.00e-04,286,[6.7 1.7],"['-3.91e-01', '3.06e-01']",1,1.00e+00,3.00e+00,"['-1.79e-01', '3.81e-01']",9.94e-01,2.69e+02,0.3
1.00e-04,287,[6.7 1.7],"['-3.91e-01', '3.06e-01']",1,1.00e+00,4.00e+00,"['-1.78e-01', '3.81e-01']",9.94e-01,2.70e+02,0.3
1.00e-04,288,[6.7 1.7],"['-3.91e-01', '3.06e-01']",1,1.00e+00,3.00e+00,"['-1.79e-01', '3.81e-01']",9.94e-01,2.71e+02,0.3
1.00e-04,289,[6.7 1.7],"['-3.91e-01', '3.06e-01']",1,1.00e+00,3.00e+00,"['-1.79e-01', '3.81e-01']",9.93e-01,2.72e+02,0.3
1.00e-04,290,[6.7 1.7],"['-3.91e-01', '3.06e-01']",1,1.00e+00,4.00e+00,"['-1.79e-01', '3.82e-01']",9.93e-01,2.73e+02,0.3
1.00e-04,291,[6.7 1.7],"['-3.91e-01', '3.06e-01']",1,1.00e+00,3.00e+00,"['-1.79e-01', '3.82e-01']",9.93e-01,2.74e+02,0.3
1.00e-04,292,[6.7 1.7],"['-3.91e-01', '3.06e-01']",1,1.00e+00,4.00e+00,"['-1.78e-01', '3.82e-01']",9.93e-01,2.75e+02,0.3
1.00e-04,293,[6.7 1.7],"['-3.91e-01', '3.06e-01']",1,1.00e+00,3.00e+00,"['-1.79e-01', '3.82e-01']",9.93e-01,2.76e+02,0.3
1.00e-04,294,[6.7 1.7],"['-3.91e-01', '3.06e-01']",1,1.00e+00,4.00e+00,"['-1.78e-01', '3.82e-01']",9.93e-01,2.76e+02,0.3
1.00e-04,295,[6.7 1.7],"['-3.91e-01', '3.06e-01']",1,1.00e+00,3.00e+00,"['-1.79e-01', '3.82e-01']",9.93e-01,2.77e+02,0.3
1.00e-04,296,[6.7 1.7],"['-3.91e-01', '3.06e-01']",1,1.00e+00,3.00e+00,"['-1.79e-01', '3.82e-01']",9.93e-01,2.78e+02,0.3
1.00e-04,297,[6.7 1.7],"['-3.91e-01', '3.06e-01']",1,1.00e+00,4.00e+00,"['-1.78e-01', '3.82e-01']",9.93e-01,2.79e+02,0.3
1.00e-04,298,[6.7 1.7],"['-3.91e-01', '3.06e-01']",1,1.00e+00,3.00e+00,"['-1.79e-01', '3.82e-01']",9.93e-01,2.80e+02,0.3
1.00e-04,299,[6.7 1.7],"['-3.91e-01', '3.06e-01']",1,1.00e+00,4.00e+00,"['-1.78e-01', '3.82e-01']",9.93e-01,2.81e+02,0.3
1.00e-04,300,[6.7 1.7],"['-3.91e-01', '3.06e-01']",1,1.00e+00,3.00e+00,"['-1.79e-01', '3.82e-01']",9.93e-01,2.82e+02,0.3
1.00e-04,1,[6.7 1.7],"['-3.91e-01', '3.06e-01']",0,1.00e+00,4.00e+01,"['-3.68e-01', '3.11e-01']",6.75e-01,5.00e-01,0.5
1.00e-04,2,[6.7 1.7],"['-3.91e-01', '3.06e-01']",0,1.00e+00,4.00e+01,"['-3.44e-01', '3.17e-01']",6.79e-01,1.00e+00,0.5
1.00e-04,3,[6.7 1.7],"['-3.91e-01', '3.06e-01']",0,1.00e+00,4.00e+01,"['-3.20e-01', '3.22e-01']",6.83e-01,1.50e+00,0.5
1.00e-04,4,[6.7 1.7],"['-3.91e-01', '3.06e-01']",0,1.00e+00,4.00e+01,"['-2.97e-01', '3.27e-01']",6.87e-01,2.00e+00,0.5
1.00e-04,5,[6.7 1.7],"['-3.91e-01', '3.06e-01']",0,1.00e+00,4.00e+01,"['-2.73e-01', '3.33e-01']",6.91e-01,2.50e+00,0.5
1.00e-04,6,[6.7 1.7],"['-3.91e-01', '3.06e-01']",0,1.00e+00,4.00e+01,"['-2.49e-01', '3.38e-01']",6.95e-01,3.00e+00,0.5
1.00e-04,7,[6.7 1.7],"['-3.91e-01', '3.06e-01']",0,1.00e+00,4.00e+01,"['-2.25e-01', '3.43e-01']",6.99e-01,3.50e+00,0.5
1.00e-04,8,[6.7 1.7],"['-3.91e-01', '3.06e-01']",0,1.00e+00,4.00e+01,"['-2.02e-01', '3.48e-01']",7.03e-01,4.00e+00,0.5
1.00e-04,9,[6.7 1.7],"['-3.91e-01', '3.06e-01']",0,1.00e+00,4.00e+01,"['-1.78e-01', '3.54e-01']",7.07e-01,4.50e+00,0.5
1.00e-04,10,[6.7 1.7],"['-3.91e-01', '3.06e-01']",0,1.00e+00,4.00e+01,"['-1.54e-01', '3.59e-01']",7.11e-01,5.00e+00,0.5
1.00e-04,11,[6.7 1.7],"['-3.91e-01', '3.06e-01']",0,1.00e+00,3.90e+01,"['-1.31e-01', '3.64e-01']",7.15e-01,5.51e+00,0.5
1.00e-04,12,[6.7 1.7],"['-3.91e-01', '3.06e-01']",1,1.00e+00,2.50e+01,"['-1.16e-01', '3.67e-01']",7.17e-01,6.20e+00,0.5
1.00e-04,13,[6.7 1.7],"['-3.91e-01', '3.06e-01']",1,1.00e+00,9.00e+00,"['-1.10e-01', '3.69e-01']",7.18e-01,7.09e+00,0.5
1.00e-04,14,[6.7 1.7],"['-3.91e-01', '3.06e-01']",1,1.00e+00,5.00e+00,"['-1.07e-01', '3.69e-01']",7.19e-01,8.03e+00,0.5
1.00e-04,15,[6.7 1.7],"['-3.91e-01', '3.06e-01']",1,1.00e+00,3.00e+00,"['-1.05e-01', '3.69e-01']",7.19e-01,8.99e+00,0.5
1.00e-04,16,[6.7 1.7],"['-3.91e-01', '3.06e-01']",1,1.00e+00,2.00e+00,"['-1.04e-01', '3.70e-01']",7.19e-01,9.96e+00,0.5
1.00e-04,17,[6.7 1.7],"['-3.91e-01', '3.06e-01']",1,1.00e+00,2.00e+00,"['-1.03e-01', '3.70e-01']",7.19e-01,1.09e+01,0.5
1.00e-04,18,[6.7 1.7],"['-3.91e-01', '3.06e-01']",1,1.00e+00,1.00e+00,"['-1.02e-01', '3.70e-01']",7.19e-01,1.19e+01,0.5
1.00e-04,19,[6.7 1.7],"['-3.91e-01', '3.06e-01']",1,1.00e+00,1.00e+00,"['-1.02e-01', '3.70e-01']",7.20e-01,1.29e+01,0.5
1.00e-04,20,[6.7 1.7],"['-3.91e-01', '3.06e-01']",1,1.00e+00,1.00e+00,"['-1.01e-01', '3.70e-01']",7.20e-01,1.39e+01,0.5
1.00e-04,21,[6.7 1.7],"['-3.91e-01', '3.06e-01']",1,1.00e+00,1.00e+00,"['-1.01e-01', '3.70e-01']",7.20e-01,1.49e+01,0.5
1.00e-04,22,[6.7 1.7],"['-3.91e-01', '3.06e-01']",1,1.00e+00,1.00e+00,"['-1.00e-01', '3.70e-01']",7.20e-01,1.59e+01,0.5
1.00e-04,23,[6.7 1.7],"['-3.91e-01', '3.06e-01']",1,1.00e+00,1.00e+00,"['-9.94e-02', '3.70e-01']",7.20e-01,1.69e+01,0.5
1.00e-04,24,[6.7 1.7],"['-3.91e-01', '3.06e-01']",1,1.00e+00,1.00e+00,"['-9.88e-02', '3.71e-01']",7.20e-01,1.79e+01,0.5
1.00e-04,25,[6.7 1.7],"['-3.91e-01', '3.06e-01']",1,1.00e+00,1.00e+00,"['-9.82e-02', '3.71e-01']",7.20e-01,1.88e+01,0.5
1.00e-04,26,[6.7 1.7],"['-3.91e-01', '3.06e-01']",1,1.00e+00,0.00e+00,"['-9.82e-02', '3.71e-01']",7.20e-01,1.98e+01,0.5
1.00e-04,1,[6.7 1.7],"['-3.91e-01', '3.06e-01']",0,1.00e+00,4.00e+01,"['-3.68e-01', '3.11e-01']",4.18e-01,5.00e-01,0.7
1.00e-04,2,[6.7 1.7],"['-3.91e-01', '3.06e-01']",0,1.00e+00,4.00e+01,"['-3.44e-01', '3.17e-01']",4.22e-01,1.00e+00,0.7
1.00e-04,3,[6.7 1.7],"['-3.91e-01', '3.06e-01']",0,1.00e+00,4.00e+01,"['-3.20e-01', '3.22e-01']",4.26e-01,1.50e+00,0.7
1.00e-04,4,[6.7 1.7],"['-3.91e-01', '3.06e-01']",0,1.00e+00,4.00e+01,"['-2.97e-01', '3.27e-01']",4.30e-01,2.00e+00,0.7
1.00e-04,5,[6.7 1.7],"['-3.91e-01', '3.06e-01']",0,1.00e+00,4.00e+01,"['-2.73e-01', '3.33e-01']",4.34e-01,2.50e+00,0.7
1.00e-04,6,[6.7 1.7],"['-3.91e-01', '3.06e-01']",0,1.00e+00,4.00e+01,"['-2.49e-01', '3.38e-01']",4.38e-01,3.00e+00,0.7
1.00e-04,7,[6.7 1.7],"['-3.91e-01', '3.06e-01']",0,1.00e+00,4.00e+01,"['-2.25e-01', '3.43e-01']",4.42e-01,3.50e+00,0.7
1.00e-04,8,[6.7 1.7],"['-3.91e-01', '3.06e-01']",0,1.00e+00,4.00e+01,"['-2.02e-01', '3.48e-01']",4.46e-01,4.00e+00,0.7
1.00e-04,9,[6.7 1.7],"['-3.91e-01', '3.06e-01']",0,1.00e+00,4.00e+01,"['-1.78e-01', '3.54e-01']",4.50e-01,4.50e+00,0.7
1.00e-04,10,[6.7 1.7],"['-3.91e-01', '3.06e-01']",0,1.00e+00,4.00e+01,"['-1.54e-01', '3.59e-01']",4.54e-01,5.00e+00,0.7
1.00e-04,11,[6.7 1.7],"['-3.91e-01', '3.06e-01']",0,1.00e+00,4.00e+01,"['-1.31e-01', '3.64e-01']",4.58e-01,5.50e+00,0.7
1.00e-04,12,[6.7 1.7],"['-3.91e-01', '3.06e-01']",0,1.00e+00,4.00e+01,"['-1.07e-01', '3.70e-01']",4.62e-01,6.00e+00,0.7
1.00e-04,13,[6.7 1.7],"['-3.91e-01', '3.06e-01']",0,1.00e+00,4.00e+01,"['-8.31e-02', '3.75e-01']",4.66e-01,6.50e+00,0.7
1.00e-04,14,[6.7 1.7],"['-3.91e-01', '3.06e-01']",1,1.00e+00,3.90e+01,"['-6.01e-02', '3.80e-01']",4.70e-01,7.01e+00,0.7
1.00e-04,15,[6.7 1.7],"['-3.91e-01', '3.06e-01']",1,1.00e+00,2.40e+01,"['-4.60e-02', '3.83e-01']",4.73e-01,7.71e+00,0.7
1.00e-04,16,[6.7 1.7],"['-3.91e-01', '3.06e-01']",1,1.00e+00,1.20e+01,"['-3.94e-02', '3.84e-01']",4.74e-01,8.56e+00,0.7
1.00e-04,17,[6.7 1.7],"['-3.91e-01', '3.06e-01']",1,1.00e+00,8.00e+00,"['-3.50e-02', '3.85e-01']",4.75e-01,9.46e+00,0.7
1.00e-04,18,[6.7 1.7],"['-3.91e-01', '3.06e-01']",1,1.00e+00,5.00e+00,"['-3.24e-02', '3.86e-01']",4.75e-01,1.04e+01,0.7
1.00e-04,19,[6.7 1.7],"['-3.91e-01', '3.06e-01']",1,1.00e+00,3.00e+00,"['-3.07e-02', '3.86e-01']",4.76e-01,1.14e+01,0.7
1.00e-04,20,[6.7 1.7],"['-3.91e-01', '3.06e-01']",1,1.00e+00,2.00e+00,"['-2.95e-02', '3.86e-01']",4.76e-01,1.23e+01,0.7
1.00e-04,21,[6.7 1.7],"['-3.91e-01', '3.06e-01']",1,1.00e+00,2.00e+00,"['-2.83e-02', '3.86e-01']",4.76e-01,1.33e+01,0.7
1.00e-04,22,[6.7 1.7],"['-3.91e-01', '3.06e-01']",1,1.00e+00,1.00e+00,"['-2.77e-02', '3.86e-01']",4.76e-01,1.43e+01,0.7
1.00e-04,23,[6.7 1.7],"['-3.91e-01', '3.06e-01']",1,1.00e+00,1.00e+00,"['-2.71e-02', '3.87e-01']",4.76e-01,1.53e+01,0.7
1.00e-04,24,[6.7 1.7],"['-3.91e-01', '3.06e-01']",1,1.00e+00,1.00e+00,"['-2.65e-02', '3.87e-01']",4.76e-01,1.63e+01,0.7
1.00e-04,25,[6.7 1.7],"['-3.91e-01', '3.06e-01']",1,1.00e+00,0.00e+00,"['-2.65e-02', '3.87e-01']",4.76e-01,1.73e+01,0.7
1.00e-04,1,[6.7 1.7],"['-3.91e-01', '3.06e-01']",0,1.00e+00,4.00e+01,"['-3.68e-01', '3.11e-01']",1.73e-01,5.00e-01,0.9
1.00e-04,2,[6.7 1.7],"['-3.91e-01', '3.06e-01']",0,1.00e+00,4.00e+01,"['-3.44e-01', '3.17e-01']",1.77e-01,1.00e+00,0.9
1.00e-04,3,[6.7 1.7],"['-3.91e-01', '3.06e-01']",0,1.00e+00,4.00e+01,"['-3.20e-01', '3.22e-01']",1.81e-01,1.50e+00,0.9
1.00e-04,4,[6.7 1.7],"['-3.91e-01', '3.06e-01']",0,1.00e+00,4.00e+01,"['-2.97e-01', '3.27e-01']",1.85e-01,2.00e+00,0.9
1.00e-04,5,[6.7 1.7],"['-3.91e-01', '3.06e-01']",0,1.00e+00,4.00e+01,"['-2.73e-01', '3.33e-01']",1.89e-01,2.50e+00,0.9
1.00e-04,6,[6.7 1.7],"['-3.91e-01', '3.06e-01']",0,1.00e+00,4.00e+01,"['-2.49e-01', '3.38e-01']",1.93e-01,3.00e+00,0.9
1.00e-04,7,[6.7 1.7],"['-3.91e-01', '3.06e-01']",0,1.00e+00,4.00e+01,"['-2.25e-01', '3.43e-01']",1.97e-01,3.50e+00,0.9
1.00e-04,8,[6.7 1.7],"['-3.91e-01', '3.06e-01']",0,1.00e+00,4.00e+01,"['-2.02e-01', '3.48e-01']",2.01e-01,4.00e+00,0.9
1.00e-04,9,[6.7 1.7],"['-3.91e-01', '3.06e-01']",0,1.00e+00,4.00e+01,"['-1.78e-01', '3.54e-01']",2.05e-01,4.50e+00,0.9
1.00e-04,10,[6.7 1.7],"['-3.91e-01', '3.06e-01']",0,1.00e+00,4.00e+01,"['-1.54e-01', '3.59e-01']",2.09e-01,5.00e+00,0.9
1.00e-04,11,[6.7 1.7],"['-3.91e-01', '3.06e-01']",0,1.00e+00,4.00e+01,"['-1.31e-01', '3.64e-01']",2.13e-01,5.50e+00,0.9
1.00e-04,12,[6.7 1.7],"['-3.91e-01', '3.06e-01']",0,1.00e+00,4.00e+01,"['-1.07e-01', '3.70e-01']",2.17e-01,6.00e+00,0.9
1.00e-04,13,[6.7 1.7],"['-3.91e-01', '3.06e-01']",0,1.00e+00,4.00e+01,"['-8.31e-02', '3.75e-01']",2.21e-01,6.50e+00,0.9
1.00e-04,14,[6.7 1.7],"['-3.91e-01', '3.06e-01']",0,1.00e+00,4.00e+01,"['-5.94e-02', '3.80e-01']",2.25e-01,7.00e+00,0.9
1.00e-04,15,[6.7 1.7],"['-3.91e-01', '3.06e-01']",0,1.00e+00,4.00e+01,"['-3.57e-02', '3.86e-01']",2.29e-01,7.50e+00,0.9
1.00e-04,16,[6.7 1.7],"['-3.91e-01', '3.06e-01']",0,1.00e+00,4.00e+01,"['-1.20e-02', '3.91e-01']",2.33e-01,8.00e+00,0.9
1.00e-04,17,[6.7 1.7],"['-3.91e-01', '3.06e-01']",1,1.00e+00,3.80e+01,"['1.04e-02', '3.96e-01']",2.37e-01,8.53e+00,0.9
1.00e-04,18,[6.7 1.7],"['-3.91e-01', '3.06e-01']",1,1.00e+00,2.30e+01,"['2.34e-02', '3.99e-01']",2.39e-01,9.24e+00,0.9
1.00e-04,19,[6.7 1.7],"['-3.91e-01', '3.06e-01']",1,1.00e+00,1.50e+01,"['3.17e-02', '4.00e-01']",2.40e-01,1.01e+01,0.9
1.00e-04,20,[6.7 1.7],"['-3.91e-01', '3.06e-01']",1,1.00e+00,8.00e+00,"['3.60e-02', '4.01e-01']",2.41e-01,1.09e+01,0.9
1.00e-04,21,[6.7 1.7],"['-3.91e-01', '3.06e-01']",1,1.00e+00,7.00e+00,"['3.97e-02', '4.02e-01']",2.42e-01,1.19e+01,0.9
1.00e-04,22,[6.7 1.7],"['-3.91e-01', '3.06e-01']",1,1.00e+00,5.00e+00,"['4.24e-02', '4.02e-01']",2.42e-01,1.28e+01,0.9
1.00e-04,23,[6.7 1.7],"['-3.91e-01', '3.06e-01']",1,1.00e+00,4.00e+00,"['4.45e-02', '4.03e-01']",2.43e-01,1.38e+01,0.9
1.00e-04,24,[6.7 1.7],"['-3.91e-01', '3.06e-01']",1,1.00e+00,3.00e+00,"['4.59e-02', '4.03e-01']",2.43e-01,1.47e+01,0.9
1.00e-04,25,[6.7 1.7],"['-3.91e-01', '3.06e-01']",1,1.00e+00,3.00e+00,"['4.74e-02', '4.03e-01']",2.43e-01,1.57e+01,0.9
1.00e-04,26,[6.7 1.7],"['-3.91e-01', '3.06e-01']",1,1.00e+00,3.00e+00,"['4.89e-02', '4.04e-01']",2.44e-01,1.66e+01,0.9
1.00e-04,27,[6.7 1.7],"['-3.91e-01', '3.06e-01']",1,1.00e+00,3.00e+00,"['5.04e-02', '4.04e-01']",2.44e-01,1.76e+01,0.9
1.00e-04,28,[6.7 1.7],"['-3.91e-01', '3.06e-01']",1,1.00e+00,1.00e+00,"['5.09e-02', '4.04e-01']",2.44e-01,1.86e+01,0.9
1.00e-04,29,[6.7 1.7],"['-3.91e-01', '3.06e-01']",1,1.00e+00,1.00e+00,"['5.14e-02', '4.04e-01']",2.44e-01,1.96e+01,0.9
1.00e-04,30,[6.7 1.7],"['-3.91e-01', '3.06e-01']",1,1.00e+00,0.00e+00,"['5.14e-02', '4.04e-01']",2.44e-01,2.06e+01,0.9
1.00e-04,1,[6.7 1.7],"['-3.91e-01', '3.06e-01']",0,1.00e+00,4.00e+01,"['-3.68e-01', '3.11e-01']",6.72e-01,5.00e-01,0.0
1.00e-04,2,[6.7 1.7],"['-3.91e-01', '3.06e-01']",0,1.00e+00,4.00e+01,"['-3.44e-01', '3.17e-01']",6.76e-01,1.00e+00,0.0
1.00e-04,3,[6.7 1.7],"['-3.91e-01', '3.06e-01']",0,1.00e+00,4.00e+01,"['-3.20e-01', '3.22e-01']",6.80e-01,1.50e+00,0.0
1.00e-04,4,[6.7 1.7],"['-3.91e-01', '3.06e-01']",0,1.00e+00,4.00e+01,"['-2.97e-01', '3.27e-01']",6.84e-01,2.00e+00,0.0
1.00e-04,5,[6.7 1.7],"['-3.91e-01', '3.06e-01']",0,1.00e+00,4.00e+01,"['-2.73e-01', '3.33e-01']",6.88e-01,2.50e+00,0.0
1.00e-04,6,[6.7 1.7],"['-3.91e-01', '3.06e-01']",0,1.00e+00,4.00e+01,"['-2.49e-01', '3.38e-01']",6.92e-01,3.00e+00,0.0
1.00e-04,7,[6.7 1.7],"['-3.91e-01', '3.06e-01']",0,1.00e+00,4.00e+01,"['-2.25e-01', '3.43e-01']",6.96e-01,3.50e+00,0.0
1.00e-04,8,[6.7 1.7],"['-3.91e-01', '3.06e-01']",0,1.00e+00,4.00e+01,"['-2.02e-01', '3.48e-01']",7.00e-01,4.00e+00,0.0
1.00e-04,9,[6.7 1.7],"['-3.91e-01', '3.06e-01']",0,1.00e+00,4.00e+01,"['-1.78e-01', '3.54e-01']",7.04e-01,4.50e+00,0.0
1.00e-04,10,[6.7 1.7],"['-3.91e-01', '3.06e-01']",0,1.00e+00,3.60e+01,"['-1.56e-01', '3.58e-01']",7.08e-01,5.05e+00,0.0
1.00e-04,11,[6.7 1.7],"['-3.91e-01', '3.06e-01']",1,1.00e+00,2.00e+01,"['-1.44e-01', '3.61e-01']",7.10e-01,5.80e+00,0.0
1.00e-04,12,[6.7 1.7],"['-3.91e-01', '3.06e-01']",1,1.00e+00,9.00e+00,"['-1.38e-01', '3.62e-01']",7.11e-01,6.69e+00,0.0
1.00e-04,13,[6.7 1.7],"['-3.91e-01', '3.06e-01']",1,1.00e+00,4.00e+00,"['-1.36e-01', '3.63e-01']",7.11e-01,7.64e+00,0.0
1.00e-04,14,[6.7 1.7],"['-3.91e-01', '3.06e-01']",1,1.00e+00,3.00e+00,"['-1.34e-01', '3.63e-01']",7.12e-01,8.60e+00,0.0
1.00e-04,15,[6.7 1.7],"['-3.91e-01', '3.06e-01']",1,1.00e+00,2.00e+00,"['-1.33e-01', '3.63e-01']",7.12e-01,9.57e+00,0.0
1.00e-04,16,[6.7 1.7],"['-3.91e-01', '3.06e-01']",1,1.00e+00,2.00e+00,"['-1.31e-01', '3.64e-01']",7.12e-01,1.06e+01,0.0
1.00e-04,17,[6.7 1.7],"['-3.91e-01', '3.06e-01']",1,1.00e+00,1.00e+00,"['-1.31e-01', '3.64e-01']",7.12e-01,1.15e+01,0.0
1.00e-04,18,[6.7 1.7],"['-3.91e-01', '3.06e-01']",1,1.00e+00,1.00e+00,"['-1.30e-01', '3.64e-01']",7.12e-01,1.25e+01,0.0
1.00e-04,19,[6.7 1.7],"['-3.91e-01', '3.06e-01']",1,1.00e+00,1.00e+00,"['-1.29e-01', '3.64e-01']",7.12e-01,1.35e+01,0.0
1.00e-04,20,[6.7 1.7],"['-3.91e-01', '3.06e-01']",1,1.00e+00,1.00e+00,"['-1.29e-01', '3.64e-01']",7.12e-01,1.45e+01,0.0
1.00e-04,21,[6.7 1.7],"['-3.91e-01', '3.06e-01']",1,1.00e+00,0.00e+00,"['-1.29e-01', '3.64e-01']",7.12e-01,1.55e+01,0.0
1.00e-01,1,[6.7 3.  5. ],"['-3.91e-01', '3.06e-01']",1,1.00e+00,1.10e+01,"['9.10e-01', '-2.23e+00']",-5.97e-02,8.63e-01,0.0
1.00e-01,2,[6.7 3.  5. ],"['-3.91e-01', '3.06e-01']",1,1.00e+00,0.00e+00,"['9.10e-01', '-2.23e+00']",-5.97e-02,1.86e+00,0.0
1.00e-01,1,[6.7 3.  5.  1.7],"['-3.91e-01', '3.06e-01']",1,1.00e+00,1.40e+01,"['-1.96e+00', '8.57e-01']",4.43e-01,8.25e-01,0.0
1.00e-01,2,[6.7 3.  5.  1.7],"['-3.91e-01', '3.06e-01']",1,1.00e+00,2.00e+00,"['-1.84e+00', '7.67e-01']",4.43e-01,1.80e+00,0.0
1.00e-01,3,[6.7 3.  5.  1.7],"['-3.91e-01', '3.06e-01']",1,1.00e+00,0.00e+00,"['-1.84e+00', '7.67e-01']",4.43e-01,2.80e+00,0.0
